userId,userName,gender,birthAge,departmentId,rank
u00000,斉藤 絵美,FEMALE,29,d00007,J5
u00001,山本 進,MALE,63,d00005,J3
u00002,佐藤 健一,MALE,36,d00008,J4
u00003,伊藤 学,MALE,33,d00008,J3
u00004,浜田 修,MALE,59,d00003,J3
u00005,太田 英樹,MALE,39,d00005,S1
u00006,佐藤 瞳,FEMALE,18,d00008,J2
u00007,加藤 享,MALE,23,d00000,J1
u00008,田中 博,MALE,51,d00001,J4
u00009,鈴木 清,MALE,60,d00008,S1
u00010,中川 拓也,MALE,26,d00004,J5
u00011,岡田 博,MALE,64,d00009,S2
u00012,酒井 駿,MALE,18,d00002,J1
u00013,野口 健太,MALE,18,d00006,J4
u00014,山田 麻友,FEMALE,18,d00001,J1
u00015,岡田 裕子,FEMALE,43,d00008,J1
u00016,中村 享,MALE,23,d00000,J3
u00017,久保 大介,MALE,36,d00005,J2
u00018,新井 駿,MALE,18,d00006,J4
u00019,野村 沙織,FEMALE,25,d00003,J2
u00020,今井 翔太,MALE,20,d00006,J2
u00021,青木 哲也,MALE,36,d00004,J4
u00022,加藤 拓也,MALE,26,d00009,S2
u00023,大野 誠,MALE,33,d00002,J1
u00024,上田 健太,MALE,18,d00005,S1
u00025,渡辺 直子,FEMALE,45,d00007,J3
u00026,中山 大輔,MALE,32,d00002,J3
u00027,平野 亮,MALE,30,d00008,J4
u00028,原田 健一,MALE,36,d00009,J5
u00029,田中 浩二,MALE,56,d00004,J5
u00030,岩崎 直樹,MALE,31,d00004,J3
u00031,高橋 浩二,MALE,56,d00004,S1
u00032,佐藤 享,MALE,23,d00000,J1
u00033,井上 達也,MALE,22,d00000,S2
u00034,千葉 拓也,MALE,26,d00000,S2
u00035,渡辺 誠,MALE,33,d00004,J5
u00036,山本 健太,MALE,18,d00004,J4
u00037,宮本 達也,MALE,22,d00004,J5
u00038,上田 聡,MALE,30,d00006,J3
u00039,佐々木 学,MALE,33,d00007,J3
u00040,村上 彩,FEMALE,21,d00004,J4
u00041,武田 千尋,FEMALE,24,d00002,J1
u00042,上野 修,MALE,43,d00002,S2
u00043,山田 大介,MALE,36,d00009,J2
u00044,岡田 久美子,FEMALE,39,d00000,S2
u00045,山田 直樹,MALE,31,d00001,J2
u00046,佐藤 隆,MALE,48,d00007,J2
u00047,中村 理恵,FEMALE,28,d00007,J3
u00048,平野 大介,MALE,36,d00000,J4
u00049,鈴木 彩,FEMALE,21,d00002,J5
u00050,高橋 聡,MALE,30,d00005,J2
u00051,鈴木 健太,MALE,18,d00001,J3
u00052,小川 誠,MALE,63,d00005,J5
u00053,長谷川 享,MALE,23,d00007,J2
u00054,平野 大輔,MALE,23,d00005,J5
u00055,後藤 博,MALE,40,d00006,J3
u00056,和田 誠,MALE,38,d00001,J5
u00057,鈴木 誠,MALE,38,d00005,J2
u00058,小林 健太,MALE,18,d00007,S2
u00059,佐藤 雄太,MALE,23,d00008,J3
u00060,前田 亮,MALE,30,d00004,S2
u00061,高橋 大輔,MALE,23,d00003,J3
u00062,鈴木 聡,MALE,30,d00006,S2
u00063,高橋 翔太,MALE,20,d00006,J1
u00064,高橋 彩,FEMALE,21,d00009,J1
u00065,田中 大介,MALE,36,d00009,J1
u00066,加藤 亮,MALE,30,d00006,J3
u00067,小林 大輔,MALE,32,d00005,J1
u00068,久保 久美子,FEMALE,39,d00005,S2
u00069,高橋 美穂,FEMALE,18,d00002,J1
u00070,和田 剛,MALE,29,d00008,J3
u00071,山口 博,MALE,51,d00006,J4
u00072,金子 大樹,MALE,26,d00000,J5
u00073,前田 駿,MALE,18,d00005,J3
u00074,高橋 沙織,FEMALE,25,d00009,J1
u00075,小林 哲也,MALE,36,d00002,J5
u00076,橋本 駿,MALE,18,d00008,S2
u00077,谷口 大樹,MALE,26,d00005,J2
u00078,酒井 翔太,MALE,20,d00007,J5
u00079,中島 翔太,MALE,20,d00003,J3
u00080,森 拓也,MALE,26,d00006,J5
u00081,安藤 愛,FEMALE,25,d00002,J1
u00082,藤井 哲也,MALE,36,d00005,J2
u00083,原田 博,MALE,40,d00007,J1
u00084,杉本 陽子,FEMALE,30,d00005,S1
u00085,丸山 大輔,MALE,32,d00000,J1
u00086,佐藤 大輔,MALE,23,d00005,S2
u00087,大野 智子,FEMALE,37,d00007,S2
u00088,鈴木 彩香,FEMALE,22,d00002,J4
u00089,久保 修,MALE,57,d00004,S1
u00090,村上 哲也,MALE,36,d00000,J5
u00091,藤井 博,MALE,40,d00007,J3
u00092,山本 拓也,MALE,26,d00000,S2
u00093,松尾 健一,MALE,36,d00003,J3
u00094,坂本 学,MALE,40,d00000,S1
u00095,田村 由美,FEMALE,43,d00005,J1
u00096,伊藤 大樹,MALE,26,d00000,S1
u00097,佐藤 翔平,MALE,23,d00002,S2
u00098,池田 哲也,MALE,36,d00007,S2
u00099,小林 亮,MALE,30,d00001,J5
