博,1950,M
茂,1950,M
隆,1950,M
実,1950,M
清,1950,M
進,1950,M
明,1950,M
修,1950,M
豊,1950,M
誠,1950,M
和子,1950,F
洋子,1950,F
幸子,1950,F
恵子,1950,F
節子,1950,F
京子,1950,F
悦子,1950,F
恵美子,1950,F
順子,1950,F
由美子,1950,F
浩,1960,M
浩一,1960,M
誠,1960,M
浩二,1960,M
隆,1960,M
修,1960,M
徹,1960,M
浩之,1960,M
聡,1960,M
博,1960,M
恵子,1960,F
由美子,1960,F
久美子,1960,F
智子,1960,F
浩子,1960,F
裕子,1960,F
洋子,1960,F
明美,1960,F
幸子,1960,F
和子,1960,F
健一,1970,M
誠,1970,M
哲也,1970,M
剛,1970,M
博,1970,M
直樹,1970,M
学,1970,M
博之,1970,M
英樹,1970,M
修,1970,M
直美,1970,F
智子,1970,F
陽子,1970,F
裕子,1970,F
由美子,1970,F
真由美,1970,F
直子,1970,F
久美子,1970,F
由美,1970,F
恵子,1970,F
大輔,1980,M
誠,1980,M
直樹,1980,M
哲也,1980,M
剛,1980,M
学,1980,M
大介,1980,M
亮,1980,M
健一,1980,M
聡,1980,M
絵美,1980,F
裕子,1980,F
久美子,1980,F
恵,1980,F
智子,1980,F
愛,1980,F
香織,1980,F
恵美,1980,F
理恵,1980,F
陽子,1980,F
翔太,1990,M
拓也,1990,M
健太,1990,M
大樹,1990,M
享,1990,M
駿,1990,M
雄太,1990,M
達也,1990,M
翔平,1990,M
大輔,1990,M
愛,1990,F
彩,1990,F
愛美,1990,F
千尋,1990,F
麻友,1990,F
舞,1990,F
美穂,1990,F
瞳,1990,F
彩香,1990,F
沙織,1990,F
